Model,Accuracy,Precision,Recall,F1-Score
Naive Bayes,0.9545893719806763,0.9566551073540595,0.9545893719806763,0.9550795981887803
Logistic Regression,0.9719806763285024,0.9721745392824814,0.9719806763285024,0.9720504553194523
SVM,0.9594202898550724,0.9597386294610526,0.9594202898550724,0.9595411637826572
Random Forest,0.9777777777777777,0.9778024143877803,0.9777777777777777,0.9777889921396711
Gradient Boosting,0.9719806763285024,0.9721745392824814,0.9719806763285024,0.9720504553194523
